H Sym,V Sym,Dens,Dens_0_0,Dens_0_1,Dens_1_0,Dens_1_1,num_x_intersects_0,num_y_intersects_0,num_x_intersects_1,num_y_intersects_1,label
0.7296006944444445,0.6540152949954084,0.20397727272727273,0.20681818181818182,0.30757575757575756,0.056818181818181816,0.2446969696969697,2,1,1,1,fancyDivide
0.8689467573302785,0.8160274315781396,0.21195894689870592,0.23667570009033423,0.26377597109304424,0.12786596119929453,0.22134038800705466,1,1,1,1,fancyDivide
0.8295430016331171,0.8308467183169562,0.2661179698216735,0.2814516129032258,0.2796875,0.16443745082612116,0.33689024390243905,0,1,1,1,fancyDivide
0.9069368322561793,0.608335538897616,0.20020429009193055,0.2548209366391185,0.3367768595041322,0.1063973063973064,0.10707070707070707,1,1,1,1,fancyDivide
0.7762595000192898,0.8778875236294899,0.22406832298136645,0.1577639751552795,0.22795031055900622,0.17515527950310558,0.33540372670807456,0,1,1,1,fancyDivide
0.9701063289301788,0.5843263430366618,0.20249178532311063,0.27827050997782704,0.2932372505543237,0.1396103896103896,0.10281385281385282,0,1,1,1,fancyDivide
0.881602279858634,0.7093315753597822,0.23660477453580903,0.1867732558139535,0.15856236786469344,0.22301136363636365,0.37327823691460055,0,1,1,1,fancyDivide
0.7889246173469392,0.7450415512465373,0.20175438596491227,0.3242857142857143,0.21586206896551724,0.1792857142857143,0.0910344827586207,1,1,1,1,fancyDivide
0.8686963898576678,0.7600262984878372,0.1577296489917849,0.07598039215686274,0.09982174688057041,0.16826923076923078,0.28205128205128205,0,1,1,1,fancyDivide
0.9511316236420115,0.6042542908564477,0.1660069272637308,0.24987629886194954,0.2884710539336962,0.10638297872340426,0.01929737753587333,1,1,0,1,fancyDivide
0.9018403983410495,0.6564000342935522,0.18605324074074073,0.2181712962962963,0.2667824074074074,0.20023148148148148,0.059027777777777776,1,1,1,1,fancyDivide
0.9213890230648468,0.909419935609033,0.16442816442816444,0.14833333333333334,0.13062330623306234,0.2141304347826087,0.16436903499469777,0,1,1,1,fancyDivide
0.8978508305308618,0.7411209120301292,0.15762483130904184,0.10674981658107116,0.291020555355211,0.15732758620689655,0.07627118644067797,0,1,1,1,fancyDivide
0.9650173010380624,0.7795217242448902,0.2687103010218172,0.3663865546218487,0.275599128540305,0.17759103641456583,0.25544662309368193,0,1,1,1,fancyDivide
0.8981834203222181,0.6304041341819447,0.16856906534325888,0.25150501672240805,0.26421404682274247,0.03960720130932897,0.12274959083469722,1,1,1,1,fancyDivide
0.8951565087091451,0.8362768613354625,0.1816956628277383,0.27209533267130087,0.1586840832123851,0.13604766633565044,0.16110304789550073,0,1,1,1,fancyDivide
0.9685580352267424,0.6511819781554166,0.1505421184320267,0.2149270482603816,0.2564534231200898,0.09641873278236915,0.03746556473829201,0,1,1,1,fancyDivide
0.9382669082331219,0.8808874920068616,0.15767437434579884,0.13509316770186336,0.22036474164133737,0.14874141876430205,0.1265397536394177,1,1,1,1,fancyDivide
0.9504374749019999,0.8205558108178949,0.15671368382487635,0.1128375878653348,0.0932297447280799,0.2104499274310595,0.20827285921625543,1,1,1,1,fancyDivide
0.7346938775510203,0.763223040695568,0.6587301587301587,0.554945054945055,0.8296703296703297,0.8928571428571429,0.3622448979591837,0,1,1,1,dotMultiply
0.9079299792499184,0.6732412886259044,0.6439205955334988,0.4512820512820513,0.6358974358974359,0.8125,0.6634615384615384,0,1,1,1,dotMultiply
0.7957772738725123,0.7757436666068481,0.6602316602316602,0.5163398692810458,0.6873065015479877,0.7098765432098766,0.716374269005848,0,1,2,1,dotMultiply
0.8979818594104307,0.8858131487889274,0.6547619047619048,0.45098039215686275,0.7941176470588235,0.8703703703703703,0.5,0,1,1,1,dotMultiply
0.8060049382716054,0.6400000000000001,0.5903225806451613,0.5022222222222222,0.4791666666666667,0.6133333333333333,0.7625,0,0,2,1,dotMultiply
0.8385848643811984,0.8938842975206609,0.7106430155210643,0.6386363636363637,0.7977272727272727,0.8614718614718615,0.5454545454545454,1,1,1,1,dotMultiply
0.7607716049382717,0.8267524005486968,0.6824074074074075,0.42962962962962964,0.8629629629629629,0.8074074074074075,0.6296296296296297,0,1,1,1,dotMultiply
0.810292234145724,0.8758650541828299,0.6359577922077922,0.5097402597402597,0.7857142857142857,0.8587662337662337,0.38961038961038963,0,1,1,1,dotMultiply
0.7829921225761772,0.9416659452908583,0.7368421052631579,0.7631578947368421,0.7335526315789473,0.8256578947368421,0.625,1,1,1,1,dotMultiply
0.8872424557752343,0.8311361111111111,0.7080645161290322,0.6166666666666667,0.8733333333333333,0.85,0.496875,1,1,1,1,dotMultiply
0.86025625,0.7590105601469238,0.7672727272727272,0.625,0.7598039215686274,0.9567307692307693,0.7194570135746606,0,1,1,1,dotMultiply
0.8490306122448981,0.9185173597030931,0.7031358885017421,0.5411764705882353,0.876750700280112,0.9222222222222223,0.47619047619047616,1,1,1,1,dotMultiply
0.9106612244897959,0.9267860414278041,0.627177700348432,0.38529411764705884,0.8431372549019608,0.8138888888888889,0.46296296296296297,1,1,1,1,dotMultiply
0.8354136619291002,0.7821409879860647,0.6381642512077295,0.33201581027667987,0.8221343873517787,0.8771266540642723,0.5160680529300568,0,1,1,1,dotMultiply
0.8336483931947068,0.7751654064272214,0.6792009400705052,0.5603864734299517,0.8719806763285024,0.7276887871853547,0.5606407322654462,1,1,2,1,dotMultiply
0.867839335180055,0.8338573407202218,0.7289473684210527,0.6263157894736842,0.9078947368421053,0.8315789473684211,0.55,1,1,2,1,dotMultiply
0.759387755102041,0.8214930630115193,0.7206997084548105,0.6470588235294118,0.8305882352941176,0.9074074074074074,0.5044444444444445,0,1,1,1,dotMultiply
0.9499186095358115,0.8386532681957648,0.6706560283687943,0.46195652173913043,0.7899305555555556,0.8659420289855072,0.5642361111111112,1,0,1,1,dotMultiply
0.858060941828255,0.8116726892810242,0.6954887218045113,0.5232198142414861,0.7585139318885449,0.9181286549707602,0.5760233918128655,0,1,2,1,dotMultiply
0.8185941043083901,0.8168365221973839,0.6379980563654033,0.32341269841269843,0.8571428571428571,0.8551587301587301,0.5123809523809524,1,1,1,1,dotMultiply
0.9241989311302478,0.8391945967394892,0.6908983451536643,0.5314009661835749,0.9259259259259259,0.8309178743961353,0.47453703703703703,1,1,1,1,dotMultiply
0.9380281207133062,0.9384765625,0.6259259259259259,0.4166666666666667,0.7954545454545454,0.8460144927536232,0.4438405797101449,1,0,1,1,dotMultiply
0.6180176399469571,0.6272142618555859,0.37126642771804064,0.3272946859903382,0.23550724637681159,0.5484633569739953,0.36997635933806144,1,1,2,1,asteriskMultiply
0.391568728264962,0.5763598500624741,0.3286384976525822,0.41836734693877553,0.007482993197278911,0.6104497354497355,0.2718253968253968,0,1,1,1,asteriskMultiply
0.62054894034951,0.7911239295696919,0.339662447257384,0.2945868945868946,0.2866666666666667,0.5230769230769231,0.2577777777777778,0,0,1,1,asteriskMultiply
0.5761358687763101,0.7026700569012311,0.3573240329740013,0.3581514762516046,0.18870346598202825,0.5839598997493735,0.29448621553884713,1,1,1,1,asteriskMultiply
0.5504411117928273,0.7200432151533587,0.3431650595575723,0.44526375496313103,0.3102665910380034,0.499149177538287,0.11798071469086784,1,1,1,1,asteriskMultiply
0.7568034130735971,0.6410130588046792,0.35495236852407674,0.30288461538461536,0.45208333333333334,0.423861852433281,0.2423469387755102,0,0,1,1,asteriskMultiply
0.8209269144700251,0.6710263332669052,0.3464012622891128,0.19414101290963257,0.33720367682631835,0.5102339181286549,0.34140550807217473,0,1,1,1,asteriskMultiply
0.9358459357277882,0.6303579532663193,0.4045368620037807,0.23849104859335038,0.37142857142857144,0.5709718670076727,0.4372670807453416,0,1,2,1,asteriskMultiply
0.7744846176960067,0.6038308333536254,0.33820037986704654,0.1389423076923077,0.37570356472795496,0.5331730769230769,0.3048780487804878,1,1,2,1,asteriskMultiply
0.8257905013857398,0.7468958343468882,0.38657233177781125,0.29259259259259257,0.3441441441441441,0.4438405797101449,0.4618096357226792,0,0,1,1,asteriskMultiply
0.6221060223049587,0.7922141066732415,0.38958333333333334,0.21028645833333334,0.4595959595959596,0.4140625,0.4696969696969697,1,1,1,1,asteriskMultiply
0.7023389991640576,0.6738760583007756,0.35669553630912726,0.22585924713584288,0.30638297872340425,0.47115384615384615,0.4192708333333333,1,0,1,1,asteriskMultiply
0.7391570652167099,0.7098027580175584,0.35700469743022933,0.21052631578947367,0.3442444080741953,0.5089585666293394,0.36442989634478995,0,1,2,1,asteriskMultiply
0.9252086465442761,0.7934209643066533,0.4042674253200569,0.2880966072455434,0.4456584243818286,0.48536036036036034,0.3963963963963964,0,1,1,1,asteriskMultiply
0.6847760467938006,0.6825412404737939,0.33433014354066987,0.2674081237911025,0.24564796905222436,0.5606060606060606,0.2604166666666667,1,1,1,1,asteriskMultiply
0.7986935792424578,0.7150726061984071,0.3704594017094017,0.2483974358974359,0.38621794871794873,0.563034188034188,0.2841880341880342,1,1,1,1,asteriskMultiply
0.6581506116327392,0.606818420499895,0.389163372859025,0.43148880105401843,0.5678524374176548,0.4874835309617918,0.06982872200263504,1,0,1,1,asteriskMultiply
0.6760697468760201,0.7262379302867058,0.3839509612705489,0.19932432432432431,0.5630630630630631,0.407611693325979,0.36569222283507996,0,1,1,1,asteriskMultiply
0.7618603284955385,0.7357082976960959,0.4056507099985361,0.38835534213685474,0.36268221574344023,0.45,0.42114285714285715,1,1,2,1,asteriskMultiply
0.8713965575288274,0.952494826940525,0.18638338966682763,0.0,0.34227330779054915,0.30324675324675326,0.09717868338557993,0,1,1,1,slashDivide
0.9343055607164089,0.9665206403174134,0.19163074712643677,0.0028735632183908046,0.3642241379310345,0.34698275862068967,0.05244252873563218,1,1,1,1,slashDivide
0.8864773010795949,0.9476455769342506,0.1901252763448784,0.0,0.34855072463768116,0.32608695652173914,0.08405797101449275,1,1,1,1,slashDivide
0.8545128186960478,0.962100752290712,0.2146013044393015,0.0,0.40166666666666667,0.3486394557823129,0.10448979591836735,1,1,1,1,slashDivide
0.9399823409382196,0.9586547943413426,0.19255025620811983,0.0032076984763432237,0.35658914728682173,0.35846030473135526,0.05116279069767442,1,1,1,1,slashDivide
0.7453664965445473,0.9552915656778095,0.2828863346104725,0.0,0.5465116279069767,0.42424242424242425,0.16035353535353536,1,1,1,1,slashDivide
0.852474496384297,0.9187849281024796,0.19696969696969696,0.0,0.3463949843260188,0.31737012987012986,0.12147335423197492,1,1,1,1,slashDivide
0.8534361134494263,0.933869530993491,0.182566918325326,0.0,0.3321894303363075,0.28894989704873025,0.1091283459162663,1,1,1,1,slashDivide
0.8152669612422673,0.9385844922963507,0.21546596166556511,0.0,0.3968531468531469,0.3297777777777778,0.13076923076923078,1,1,1,1,slashDivide
0.9225724082679063,0.9591981640601986,0.21816827997021593,0.0020512820512820513,0.40631163708086787,0.39,0.07211538461538461,1,1,1,1,slashDivide
0.9314622649682046,0.9709269151339537,0.16699521261616446,0.0005717552887364208,0.316315205327414,0.29845626072041165,0.05160932297447281,1,1,1,1,slashDivide
0.9312647123575332,0.9681588172534672,0.20308641975308642,0.005761316872427984,0.3868312757201646,0.36790123456790125,0.05185185185185185,1,1,1,1,slashDivide
0.932472205970034,0.9572295690652535,0.15384615384615385,0.0,0.2860734037204625,0.27416173570019725,0.05473372781065089,1,1,1,1,slashDivide
0.8988024962050931,0.951539722102492,0.19264069264069264,0.0021645021645021645,0.3838383838383838,0.33116883116883117,0.05339105339105339,0,1,1,1,slashDivide
0.9347670977959001,0.9627343183434829,0.17036694418748072,0.0006257822277847309,0.31732522796352586,0.3072590738423029,0.05531914893617021,1,1,1,1,slashDivide
0.9193425605536333,0.9536631378389615,0.18262443438914028,0.0,0.33910533910533913,0.32122093023255816,0.06835799859055673,1,1,1,1,slashDivide
0.9304357289705277,0.9471407555676032,0.16784585277735964,0.0,0.3069069069069069,0.3031400966183575,0.05992949471210341,1,1,1,1,slashDivide
0.9400567107750472,0.9540013852383976,0.1696264543784446,0.0006211180124223603,0.31280193236714976,0.31180124223602484,0.05253623188405797,1,1,1,1,slashDivide
0.8925675741832566,0.9358770919067217,0.16439560439560438,0.0,0.29239766081871343,0.2702702702702703,0.09267734553775744,0,1,1,1,slashDivide
0.9789304494481178,0.9866668158074303,0.15858416945373466,0.010033444816053512,0.30379041248606464,0.3015607580824972,0.0189520624303233,1,1,1,1,slashDivide
0.9684712846926902,0.9775572756406733,0.1807426283218056,0.011086474501108648,0.34146341463414637,0.34146341463414637,0.028694404591104734,1,1,1,1,slashDivide
0.9603233641877109,0.9608213456655746,0.14824211670895251,0.0,0.27342995169082124,0.2746615087040619,0.04397163120567376,1,1,1,1,slashDivide
0.7914452858469146,0.8140742594216839,0.425531914893617,0.45516304347826086,0.4010416666666667,0.44664031620553357,0.4015151515151515,1,1,1,1,XMultiply
0.8175306499168284,0.871780295731041,0.3818342151675485,0.3978494623655914,0.3859020310633214,0.4224537037037037,0.32175925925925924,1,0,1,1,XMultiply
0.9140200458881779,0.8426666259765632,0.38846153846153847,0.40736607142857145,0.39955357142857145,0.4004329004329004,0.3474025974025974,2,1,1,1,XMultiply
0.885990832030137,0.894469164904811,0.2819319640564827,0.3138639281129653,0.24390243902439024,0.2779204107830552,0.2920410783055199,1,1,1,1,XMultiply
0.8024122197976594,0.8446485260770974,0.34225352112676055,0.36666666666666664,0.3238095238095238,0.37777777777777777,0.30092592592592593,1,1,1,1,XMultiply
0.8304212322183775,0.8650614347261263,0.34884281581485055,0.33725490196078434,0.3633776091081594,0.36666666666666664,0.32827324478178366,1,0,1,1,XMultiply
0.7778101977107178,0.8834335309280312,0.3981657179000633,0.4129032258064516,0.3870967741935484,0.4012903225806452,0.3920595533498759,1,1,1,1,XMultiply
0.8764445752058367,0.8820763330898463,0.3033033033033033,0.3108108108108108,0.3333333333333333,0.28453453453453453,0.28453453453453453,1,1,1,1,XMultiply
0.8653088395121367,0.8789062499999993,0.38324175824175827,0.36160714285714285,0.40513392857142855,0.4155844155844156,0.35064935064935066,1,1,1,1,XMultiply
0.8970601932143728,0.807743509204661,0.3387096774193548,0.32526881720430106,0.3673835125448029,0.3835125448028674,0.278673835125448,1,1,1,1,XMultiply
0.8736668801514806,0.8290309433109504,0.3596082089552239,0.3191287878787879,0.3740530303030303,0.359375,0.3851102941176471,1,1,1,1,XMultiply
0.8407081928188845,0.7702151927437644,0.3312206572769953,0.3780952380952381,0.3628571428571429,0.3675925925925926,0.21851851851851853,1,1,1,1,XMultiply
0.6217083562901744,0.85619608291419,0.37363636363636366,0.34074074074074073,0.42098765432098767,0.5583333333333333,0.175,1,1,2,1,XMultiply
0.8479135805170431,0.8253617268675185,0.323943661971831,0.311969111969112,0.29884169884169887,0.3656156156156156,0.3183183183183183,1,1,1,1,XMultiply
0.913994618124232,0.9229213578107931,0.29588543767648245,0.2719082719082719,0.3447993447993448,0.3585055643879173,0.20906200317965024,1,1,1,1,XMultiply
0.7970207407710738,0.8447772491349478,0.36719457013574663,0.3704044117647059,0.33547794117647056,0.4019607843137255,0.3600713012477718,1,1,1,1,XMultiply
0.7965741103059465,0.8074844735683895,0.38021726700971986,0.3997668997668998,0.40442890442890445,0.3995510662177329,0.31874298540965207,1,1,1,1,XMultiply
0.8703407276766553,0.8947331690028952,0.347781217750258,0.29096638655462187,0.4023109243697479,0.40060851926977686,0.2971602434077079,2,1,1,1,XMultiply
0.8252358142468028,0.9505654771222538,0.2796092796092796,0.23504273504273504,0.3064713064713065,0.3021978021978022,0.27472527472527475,1,1,1,1,XMultiply
0.8145346307503661,0.934716095140912,0.33445334711811836,0.25747863247863245,0.4106029106029106,0.4166666666666667,0.25325325325325326,2,1,1,1,XMultiply
0.8479846354787578,0.901763716122829,0.2662270045123221,0.222692036645525,0.32064834390415786,0.33584131326949385,0.18604651162790697,1,0,1,1,XMultiply
0.952002617383255,0.8508472057074911,0.28163841807909606,0.25862068965517243,0.2413793103448276,0.32666666666666666,0.29777777777777775,1,1,0,1,equal
0.885702018139221,0.8455328821322089,0.25848650438814375,0.3197278911564626,0.154,0.2514812376563529,0.30838709677419357,1,1,0,1,equal
0.8436762688614541,0.7901234567901235,0.9111111111111111,0.9851851851851852,0.9481481481481482,0.7555555555555555,0.9555555555555556,1,1,1,1,equal
0.8612402433425164,0.7789399678604222,0.7556818181818182,0.9848484848484849,0.6439393939393939,0.45454545454545453,0.9393939393939394,1,1,1,1,equal
0.8940654668209657,0.8567265447845808,0.26434426229508196,0.2642857142857143,0.31785714285714284,0.3064516129032258,0.17050691244239632,1,1,0,1,equal
0.8773444444444448,0.7612562500000001,0.2275,0.105,0.24,0.30583333333333335,0.25916666666666666,1,1,0,1,equal
0.9466607813834399,0.8162150850365173,0.27168746286393347,0.22043969102792632,0.27510398098633393,0.29590017825311943,0.29530600118835415,1,1,0,1,equal
0.8546323779046086,0.6827090310939231,0.2103100980652001,0.24489795918367346,0.08485499462943072,0.25117739403453687,0.25798011512297225,1,1,0,1,equal
0.9950920319470686,0.6530387143900657,0.8759213759213759,0.9567567567567568,0.9621621621621622,0.8063063063063063,0.8063063063063063,1,1,1,1,equal
0.9649331200914765,0.8592995716805245,0.32821300563236044,0.6043010752688172,0.12291666666666666,0.05443548387096774,0.53515625,1,1,1,1,equal
0.9519335895622456,0.6948482498985938,0.27978533094812164,0.3023255813953488,0.2449127906976744,0.28047921071176884,0.29105003523608175,1,1,0,1,equal
0.915229229887655,0.580756573637655,0.2606534090909091,0.25355113636363635,0.18181818181818182,0.3025568181818182,0.3046875,0,1,0,1,equal
0.9923756992669754,0.977214626736111,0.21510416666666668,0.18958333333333333,0.24166666666666667,0.24027777777777778,0.18888888888888888,1,1,0,1,equal
0.9239905334023665,0.6723832739438945,0.1611422743498215,0.1774604793472718,0.10198878123406425,0.182559918408975,0.182559918408975,1,1,0,1,equal
0.9708299188211755,0.8834833371843721,0.16655701754385965,0.16400709219858156,0.12987588652482268,0.1714409722222222,0.20008680555555555,1,1,0,1,equal
0.9683081960017904,0.6866734460346385,0.21593447505584512,0.1807081807081807,0.20214669051878353,0.24107142857142858,0.23837209302325582,1,1,0,1,equal
0.945244343122828,0.6050299185042659,0.2032477737035097,0.19883351007423117,0.1664899257688229,0.23136645962732919,0.2153209109730849,1,1,0,1,equal
0.9593465892272551,0.9161559216706193,0.23437028088190878,0.2460220318237454,0.2460220318237454,0.20274299344066785,0.24329159212880144,1,1,0,1,equal
0.9285741461969775,0.6693327843221758,0.1952892069171139,0.12939773404889685,0.1997614788312463,0.2277877161598092,0.22420989862850327,1,1,0,1,equal
0.5701012651770226,0.9298469387755092,0.26785714285714285,0.19408369408369408,0.34054834054834054,0.09668109668109669,0.4401154401154401,1,1,1,1,rightParen
0.7717786196520199,0.9168050670253383,0.19951010410287814,0.19799498746867167,0.21637426900584794,0.08029556650246306,0.30028735632183906,1,1,1,1,rightParen
0.6499794299919471,0.8147391415235582,0.20082765335929892,0.19230769230769232,0.3,0.02021696252465483,0.2860576923076923,1,1,1,1,rightParen
0.6253232178287983,0.9155528096655323,0.25104166666666666,0.15476190476190477,0.31607142857142856,0.1380952380952381,0.3952380952380952,1,1,1,1,rightParen
0.6713125078129317,0.9102301574256711,0.2113620324629499,0.2443019943019943,0.22364672364672364,0.0,0.37832167832167835,1,0,1,1,rightParen
0.8733301400120809,0.9116868750568372,0.2725620835857056,0.4427736006683375,0.08333333333333333,0.05016447368421053,0.5109375,1,1,1,1,rightParen
0.6940236327925718,0.9134033811044289,0.18830845771144278,0.19595959595959597,0.22205882352941175,0.016666666666666666,0.3137254901960784,1,1,1,1,rightParen
0.7067898817448506,0.9617433265476113,0.23081090843417013,0.25595238095238093,0.215,0.046052631578947366,0.4,1,1,1,1,rightParen
0.7154986953960102,0.9278824371665799,0.1979244999248007,0.23641975308641974,0.1965352449223417,0.007272727272727273,0.3472140762463343,1,1,1,1,rightParen
0.6182241634446746,0.9667316134442752,0.3157467532467532,0.3125,0.328781512605042,0.10044642857142858,0.5084033613445378,1,1,1,1,rightParen
0.6888804015561557,0.9372730925754923,0.20197187182833115,0.23809523809523808,0.1850574712643678,0.0,0.3793103448275862,1,1,1,1,rightParen
0.5871022241355398,0.9641958177797334,0.3068181818181818,0.38221153846153844,0.24321266968325791,0.0,0.5882352941176471,1,1,1,1,rightParen
0.676793199026501,0.9422645568847656,0.19016472868217055,0.16015625,0.25,0.04375,0.3072115384615385,1,1,1,1,rightParen
0.6349307130259516,0.933635270313897,0.23226433430515064,0.25240384615384615,0.24615384615384617,0.0110062893081761,0.4120754716981132,1,1,1,1,rightParen
0.658685150178534,0.9507292437699698,0.23665606221279603,0.248039914468995,0.24875267284390593,0.04067321178120617,0.40953716690042075,1,1,1,1,rightParen
0.6398554733815931,0.9603285987770439,0.291553748870822,0.2987249544626594,0.28506375227686703,0.08960573476702509,0.492831541218638,1,1,1,1,rightParen
0.5980733679669692,0.887882255614391,0.18962131837307153,0.15506508205998867,0.2812676853423882,0.0,0.3231368186874305,1,1,1,1,rightParen
0.6034744166746465,0.888647557816813,0.20739599383667182,0.19522912743251727,0.2754237288135593,0.0,0.35108958837772397,1,1,1,1,rightParen
0.7066735986922902,0.9259772016084565,0.20846075433231395,0.2599451303155007,0.19410150891632372,0.0,0.38047138047138046,1,1,1,1,rightParen
0.6894031221303949,0.9379629017447182,0.22575757575757577,0.21636363636363637,0.23575757575757575,0.06787878787878789,0.38303030303030305,1,1,1,1,rightParen
0.5693049972407376,0.9520688043737008,0.28022203947368424,0.234375,0.33963815789473684,0.0805921052631579,0.4662828947368421,1,1,1,1,rightParen
0.6666070215680473,0.9606639912027095,0.24057239057239058,0.2190082644628099,0.27997364953886694,0.08057851239669421,0.37483530961791833,1,1,1,1,rightParen
0.5412583368042205,0.9614285741366552,0.2784181240063593,0.28513071895424835,0.2825077399380805,0.008169934640522876,0.5239938080495357,1,1,1,1,rightParen
0.6607624739357918,0.9695929083668748,0.3008281573498965,0.19948849104859334,0.40499194847020936,0.21312872975277067,0.3752012882447665,1,1,1,1,rightParen
0.4834555828474567,0.9494294886610892,0.2543859649122807,0.3492063492063492,0.1847041847041847,0.4633972992181947,0.02061122956645345,1,1,1,1,leftParen
0.6949946083717286,0.9013826989619368,0.2708211997670355,0.3112,0.21,0.3976470588235294,0.17043740573152338,1,1,1,1,leftParen
0.7052435463557756,0.9444697419125624,0.20573663624511082,0.20318302387267906,0.20205128205128206,0.36816976127320955,0.054871794871794874,1,1,1,1,leftParen
0.47125658064676246,0.8853260463773085,0.26471047292024347,0.3861003861003861,0.09643734643734644,0.45904761904761904,0.13090909090909092,1,1,1,1,leftParen
0.611470827467799,0.9528785694772351,0.26422764227642276,0.3174366616989568,0.20044709388971685,0.4252199413489736,0.11363636363636363,1,0,1,1,leftParen
0.7488200918227372,0.8758097578698746,0.22183235867446394,0.21108742004264391,0.20226453937210498,0.36659663865546216,0.11156186612576065,1,1,1,1,leftParen
0.7062768787628407,0.8499232715206153,0.24313784310784461,0.28263546798029554,0.16964285714285715,0.36358136721113127,0.16140350877192983,1,1,1,1,leftParen
0.558278626547572,0.844303054786087,0.22290100250626566,0.36215538847117795,0.017543859649122806,0.3358395989974937,0.17606516290726817,1,1,1,1,leftParen
0.6033293594270063,0.9248178983846571,0.20607311320754718,0.2512019230769231,0.19560185185185186,0.3858173076923077,0.0,1,1,1,1,leftParen
0.5020807419414224,0.9332783931532923,0.31589582397844634,0.38733031674208146,0.22895927601809954,0.5347593582887701,0.11229946524064172,1,1,1,1,leftParen
0.7467861871163369,0.8252180040105139,0.24716285924834194,0.2516636418632789,0.19824561403508772,0.37871581450653985,0.16379310344827586,1,1,1,1,leftParen
0.6643428583978491,0.7597693809544789,0.22536945812807882,0.27697441601779754,0.10452586206896551,0.35984427141268077,0.16594827586206898,1,1,1,1,leftParen
0.6849802355500362,0.9087896559981499,0.24643874643874644,0.26436781609195403,0.23419540229885058,0.3997175141242938,0.08757062146892655,1,1,1,1,leftParen
0.6403089175772574,0.9417820247933885,0.23182110682110682,0.2837662337662338,0.1961038961038961,0.3788265306122449,0.06887755102040816,1,1,1,1,leftParen
0.5584749682044167,0.9416132634058746,0.24474868717179296,0.27419354838709675,0.24413489736070382,0.4715821812596006,0.0007331378299120235,1,1,1,1,leftParen
0.7235105398635419,0.8698438869688236,0.21420486700622524,0.2354272778720996,0.1969439728353141,0.3401245048104131,0.08432371250707414,1,0,1,1,leftParen
0.5874313128411376,0.9353184717035326,0.22627118644067798,0.2698305084745763,0.2122033898305085,0.41627118644067795,0.006779661016949152,1,1,1,1,leftParen
0.7246736105289391,0.8963530949931401,0.22164800459374104,0.22453703703703703,0.2152777777777778,0.3663817663817664,0.08034188034188035,1,1,1,1,leftParen
0.7575445816186555,0.8355690295347942,0.2235082304526749,0.25205761316872427,0.13271604938271606,0.3245884773662551,0.18467078189300412,1,1,1,1,leftParen
0.5662303813114941,0.9626058876878254,0.24331550802139038,0.2642526964560863,0.24114021571648692,0.46515151515151515,0.0030303030303030303,1,0,1,1,leftParen
0.6148876924723619,0.9283502035029522,0.24874951904578685,0.2826086956521739,0.2236024844720497,0.429443173150267,0.059496567505720827,1,1,1,1,leftParen
0.8084339374166437,0.9045771563397048,0.2844342037890425,0.2809573361082206,0.22892819979188345,0.19959677419354838,0.4264112903225806,0,1,1,1,plus
0.4873620505517977,0.7982162485618013,0.3380503144654088,0.25,0.5064102564102564,0.12962962962962962,0.4691358024691358,0,1,1,1,plus
0.9197595611182028,0.5979609565801767,0.2972027972027972,0.3016194331983806,0.5111336032388664,0.3096646942800789,0.07199211045364892,0,1,1,1,plus
0.5526185806735253,0.9059726425693793,0.24913693901035674,0.10722610722610723,0.3247863247863248,0.13712121212121212,0.4257575757575758,0,1,1,1,plus
0.9383350370389307,0.8147707090812282,0.29289387564282376,0.13043478260869565,0.3449905482041588,0.4283071230342276,0.26549491211840887,0,1,1,1,plus
0.9308172981551283,0.6248526077097507,0.3051643192488263,0.19285714285714287,0.20595238095238094,0.44907407407407407,0.36689814814814814,0,1,1,1,plus
0.5937441358603869,0.6340877914951989,0.2968036529680365,0.31712962962962965,0.0763888888888889,0.48873873873873874,0.29954954954954954,0,1,1,1,plus
0.6166229905073368,0.8395197464426238,0.23456221198156682,0.047766749379652605,0.32444168734491313,0.209373097991479,0.3548387096774194,0,1,1,1,plus
0.580359866185823,0.9571433834338696,0.22516139190678633,0.3281653746770026,0.08799497171590195,0.3630050505050505,0.12714987714987716,0,1,1,1,plus
0.783326727440878,0.8888199072246002,0.19652918638719855,0.2416780665754674,0.1855905152758778,0.26559714795008915,0.09402852049910873,0,1,1,1,plus
0.7972559776018296,0.9487349147871076,0.22882181110029212,0.23339907955292571,0.2255095332018409,0.32884615384615384,0.12756410256410255,0,1,1,1,plus
0.7910862316218203,0.8425698601224131,0.18065967016491755,0.06746626686656672,0.21326836581709147,0.18515742128935533,0.25674662668665665,0,1,1,1,plus
0.4941383228428235,0.8427209116933252,0.2652679684254258,0.1951219512195122,0.3927670311185871,0.041050903119868636,0.43349753694581283,0,1,1,1,plus
0.7188090737240079,0.6621649396959804,0.20405138339920947,0.004446640316205534,0.21739130434782608,0.25395256916996045,0.3404150197628458,0,1,2,1,plus
0.529204709952448,0.71111187875748,0.23334338257461562,0.0,0.31284236153377964,0.19414575866188769,0.42353643966547194,0,1,2,1,plus
0.6458719932915008,0.8207170346138143,0.23832070707070707,0.3648989898989899,0.19318181818181818,0.307449494949495,0.08775252525252525,0,1,1,1,plus
0.6613767835966602,0.9049055370758956,0.1782297761679205,0.2856060606060606,0.10018552875695733,0.25967261904761907,0.07179300291545189,0,1,1,1,plus
0.6590950478942326,0.9373505633795834,0.19204755072760812,0.10458867300537412,0.2902025630425796,0.09349593495934959,0.28008130081300814,0,1,1,1,plus
0.8510478045613177,0.8049573676659344,0.20008897786675564,0.057272727272727274,0.2319290465631929,0.32455357142857144,0.18423344947735193,0,1,1,1,plus
0.6003009696403921,0.7287080216224245,0.23357228195937874,0.1827956989247312,0.41935483870967744,0.06212664277180406,0.27001194743130225,0,1,1,1,plus
0.9161149832730502,0.9525889200658718,0.21826371826371826,0.11638168781025923,0.3226696083838941,0.27783783783783783,0.1562162162162162,0,1,1,1,plus
0.9262379884101913,0.8830084906352391,0.17753496503496505,0.1972027972027972,0.21573426573426574,0.18006993006993008,0.11713286713286714,0,1,1,1,plus
0.9036268337265067,0.7690874037244768,0.28507905138339923,0.28705533596837945,0.2376482213438735,0.32608695652173914,0.28952569169960474,0,0,2,1,zero
0.828552235639057,0.8347670088263004,0.32210655235762403,0.30434782608695654,0.29830917874396135,0.3795031055900621,0.3073671497584541,0,1,2,1,zero
0.893338663901435,0.8309228694299096,0.35064935064935066,0.3223684210526316,0.3713450292397661,0.4031339031339031,0.3055555555555556,0,1,2,1,zero
0.9308887713151107,0.927086642797461,0.3334976988823143,0.27416173570019725,0.36752136752136755,0.3806706114398422,0.3116370808678501,1,0,2,1,zero
0.9120200026232771,0.9079459012118937,0.31364931364931364,0.2857142857142857,0.358974358974359,0.3521716378859236,0.25794871794871793,1,1,2,1,zero
0.9219443359548873,0.904632668680145,0.308412447257384,0.29273504273504275,0.32905982905982906,0.35,0.26197916666666665,1,1,2,1,zero
0.8845222500915724,0.8813334482726061,0.32214665878178594,0.30442583732057416,0.3473684210526316,0.3660287081339713,0.27134502923976606,0,1,2,1,zero
0.9165803696985286,0.9238808615333298,0.3477200225182961,0.30864197530864196,0.38063063063063063,0.3866366366366366,0.3148283418553689,0,1,2,1,zero
0.8771356412741691,0.7452437942478158,0.29320917556211673,0.28950984883188274,0.2481981981981982,0.33486028401282636,0.3009009009009009,1,1,2,1,zero
0.8208050259332315,0.8176196456074014,0.36064659977703456,0.32805429864253394,0.4291101055806938,0.3772893772893773,0.30915750915750917,1,1,2,1,zero
0.8914722508913497,0.8627055603780863,0.34606164383561644,0.3138888888888889,0.37222222222222223,0.3614864864864865,0.3364864864864865,1,1,2,1,zero
0.9028549539476033,0.887806509699265,0.3356164383561644,0.28724747474747475,0.37058080808080807,0.3593366093366093,0.3249385749385749,1,0,2,1,zero
0.8387352764457144,0.8430015885750548,0.4186211798152097,0.3616813294232649,0.5218216318785579,0.45738636363636365,0.33455882352941174,1,1,2,1,zero
0.9511790579803714,0.9346275342200419,0.32457386363636365,0.2761363636363636,0.3806818181818182,0.3568181818181818,0.2846590909090909,0,0,2,1,zero
0.894466093245973,0.8725757785467125,0.2614901960784314,0.21157495256166983,0.30189853719265486,0.27893738140417457,0.2530345471521942,1,1,2,1,zero
0.8465110141979986,0.9024999999999995,0.4638009049773756,0.4046153846153846,0.5307692307692308,0.5517751479289941,0.3683431952662722,0,1,2,1,zero
0.9656412222365705,0.9495857219155016,0.31467452300785637,0.25681818181818183,0.3852549889135255,0.37613636363636366,0.24057649667405764,1,0,2,1,zero
0.8952881203079969,0.8037860681932247,0.3630241812059994,0.32962275819418674,0.4024242424242424,0.3821892393320965,0.3375757575757576,1,1,2,1,zero
0.8912315975004019,0.8362101896521595,0.32347411956385513,0.2835897435897436,0.3836098541980895,0.3235,0.3029411764705882,1,1,2,1,zero
0.5707015929037512,0.5579374786523049,0.29690752304490037,0.4043583535108959,0.440093512565751,0.0,0.33664523670368207,1,1,1,1,nine
0.5094137143973245,0.4378497057492078,0.3722350958500105,0.46956521739130436,0.6133333333333333,0.0,0.4011437908496732,0,0,1,1,nine
0.5711061103068695,0.415417347286183,0.3316630128405888,0.42378241619228335,0.5983554712207464,0.0,0.31141439205955335,1,0,1,1,nine
0.5230389030612245,0.4512960459183675,0.33589285714285716,0.39714285714285713,0.6007142857142858,0.0,0.3457142857142857,0,0,1,1,nine
0.5600396420954429,0.4256370307722871,0.3852627257799672,0.446843853820598,0.6644518272425249,0.08603896103896104,0.351461038961039,1,1,2,1,nine
0.6546786525337043,0.535835090966483,0.34817244611059045,0.37941919191919193,0.571969696969697,0.12863327149041434,0.3178726035868893,1,1,2,1,nine
0.48692790725757756,0.4420057964014009,0.35478806907378335,0.4089481946624804,0.6350078492935636,0.0,0.3751962323390895,1,0,1,1,nine
0.49923934504115763,0.3446274004160181,0.38435446258214967,0.48776223776223776,0.6944444444444444,0.0,0.35390946502057613,1,0,1,1,nine
0.6568716553287982,0.5447845804988662,0.33666666666666667,0.353015873015873,0.5555555555555556,0.15619047619047619,0.2819047619047619,1,1,2,1,nine
0.6402756541370006,0.5147315131293404,0.2762704565030146,0.3580729166666667,0.4787326388888889,0.0,0.2726495726495726,1,0,1,1,nine
0.6735560949635511,0.4990413265306124,0.28773809523809524,0.3952702702702703,0.47274436090225563,0.019787644787644786,0.25892857142857145,1,1,2,1,nine
0.7927847633136098,0.5887610946745563,0.27355769230769234,0.35192307692307695,0.42596153846153845,0.1596153846153846,0.15673076923076923,0,1,1,1,nine
0.6279137382608111,0.512014298131972,0.32327952421410366,0.3704974271012007,0.5546026300743282,0.07575757575757576,0.29741863075196406,0,1,2,1,nine
0.6540765624999999,0.460727668639054,0.3193846153846154,0.46375,0.49575757575757573,0.01625,0.296969696969697,1,1,2,1,nine
0.5998382207891014,0.4783824468160485,0.3099647266313933,0.4014336917562724,0.5248842592592593,0.0,0.30671296296296297,1,1,1,1,nine
0.6357434265267947,0.43029616103250123,0.32418909592822637,0.45582047685834504,0.5353260869565217,0.0,0.29959239130434784,0,1,1,1,nine
0.5534866255354677,0.4287996688843696,0.3583055863854976,0.4796380090497738,0.5802469135802469,0.005279034690799397,0.35947712418300654,1,1,2,1,nine
0.5665315883402738,0.4875258474924192,0.4105691056910569,0.4507317073170732,0.6679174484052532,0.13073170731707318,0.38367729831144465,0,1,2,1,nine
0.6022406684027779,0.5091417100694444,0.33153044871794873,0.43990384615384615,0.5080128205128205,0.0,0.3782051282051282,1,1,1,1,nine
0.5556929879795061,0.43746922788723347,0.343312324929972,0.4362745098039216,0.5889355742296919,0.0,0.3480392156862745,1,1,1,1,nine
0.6724119752267398,0.5594553506510676,0.3488499452354874,0.43015521064301554,0.49297856614929786,0.1038961038961039,0.37373737373737376,1,1,1,1,nine
0.541041975308642,0.36079470174498124,0.39510204081632655,0.5529279279279279,0.6324324324324324,0.0043859649122807015,0.391578947368421,0,1,2,1,nine
0.6407293743557397,0.44487857818603516,0.3211263020833333,0.4440104166666667,0.5279947916666666,0.0,0.3125,0,0,1,1,nine
0.5537549915549046,0.28508834790442455,0.41833890746934227,0.579185520361991,0.7239819004524887,0.00989010989010989,0.37362637362637363,1,1,2,1,nine
0.4989062967882218,0.49711240053616573,0.3628702757916241,0.44008264462809915,0.5836776859504132,0.0,0.43434343434343436,0,1,1,1,nine
0.6614004581424406,0.7465566328100945,0.4106934001670844,0.40796703296703296,0.4608753315649867,0.22439353099730458,0.5439167208848406,1,0,1,1,eight
0.6588548087195922,0.8554795659289584,0.4278694968553459,0.46474358974358976,0.4444444444444444,0.24759615384615385,0.5493827160493827,0,1,1,1,eight
0.7689416910170608,0.8916122373895463,0.4209023415191319,0.4109803921568628,0.4057315233785822,0.3892307692307692,0.4755917159763314,0,0,2,1,eight
0.6461666242513212,0.8631475358434363,0.39057239057239057,0.4219881500987492,0.4107142857142857,0.24580645161290324,0.48125,1,0,1,1,eight
0.7347673561235516,0.8552108710180435,0.3879119255209103,0.4193939393939394,0.4323529411764706,0.3018419489007724,0.39792387543252594,1,0,1,1,eight
0.725723283976125,0.8468936636157083,0.43517138599105815,0.43636363636363634,0.4846041055718475,0.47045454545454546,0.35043988269794724,0,0,1,1,eight
0.8042149119031219,0.8906053725464717,0.38510572139303484,0.44065656565656564,0.36151960784313725,0.2897727272727273,0.44730392156862747,1,1,1,1,eight
0.9043637062668206,0.8048940264381059,0.49159663865546216,0.4934640522875817,0.5631372549019608,0.477124183006536,0.432156862745098,1,0,2,1,eight
0.8191667479455218,0.8615915584122935,0.33825944170771755,0.2947318462268628,0.4160482374768089,0.4224015187470337,0.22077922077922077,1,1,1,1,eight
0.7102855116870985,0.8525506810876182,0.42656641604010026,0.4495538778311599,0.4714095744680851,0.4536290322580645,0.3346354166666667,1,1,1,1,eight
0.6628746175183731,0.8035157031942577,0.4050802139037433,0.45788770053475936,0.45387700534759357,0.46858288770053474,0.23997326203208555,1,1,1,1,eight
0.6468871161106009,0.7176389636310907,0.38683063511830634,0.44696969696969696,0.47665847665847666,0.43813131313131315,0.18857493857493857,1,1,1,1,eight
0.6683250865382578,0.8481307984513106,0.4037792894935752,0.4392059553349876,0.40865384615384615,0.4266585514303104,0.3431603773584906,1,1,1,1,eight
0.6214135355364423,0.8458128678134909,0.3529255319148936,0.4218085106382979,0.35851063829787233,0.45,0.18138297872340425,0,1,1,1,eight
0.863595967015417,0.8261658365922068,0.3854638009049774,0.4309954751131222,0.42138009049773756,0.3331447963800905,0.3563348416289593,1,1,1,1,eight
0.6698107653478811,0.8358238946131582,0.3616636528028933,0.4311878597592883,0.3607142857142857,0.42700156985871274,0.23112244897959183,0,1,1,1,eight
0.7586334588931993,0.919595121407886,0.38407960199004976,0.3758741258741259,0.4287330316742081,0.4322469982847341,0.3013318534961154,1,1,1,1,eight
0.6607018111105598,0.8254827762284079,0.37278028094354626,0.38506981740064444,0.42543171114599687,0.4607948442534909,0.22239665096807953,1,1,1,1,eight
0.6409238540840271,0.8284714702207414,0.37128427128427127,0.3900874635568513,0.43381924198250726,0.49142857142857144,0.17142857142857143,0,1,1,1,eight
0.8890838572082924,0.8832498078115373,0.34750417960353475,0.2776971456216739,0.4358490566037736,0.409288824383164,0.2669811320754717,0,1,1,1,eight
0.606446930768162,0.8116354400659289,0.3408670367433254,0.33653846153846156,0.4236111111111111,0.5484039769754055,0.0565149136577708,1,1,2,1,eight
0.8977617523313107,0.8658138649987424,0.33402180149168104,0.25469043151969983,0.434981684981685,0.41233317993557295,0.23450134770889489,1,1,1,1,eight
0.5764098303213064,0.7211514235323759,0.28458049886621317,0.2119815668202765,0.49330357142857145,0.1152073732718894,0.31026785714285715,0,1,1,1,sevenWithCross
0.8503812274416669,0.4679462021494987,0.3443223443223443,0.19963369963369965,0.43040293040293043,0.45695970695970695,0.2902930402930403,1,1,1,1,sevenWithCross
0.8967814368022266,0.5219386586330452,0.28638253638253636,0.2515592515592516,0.3042273042273042,0.36174636174636177,0.227997227997228,1,1,1,1,sevenWithCross
0.5478217091835357,0.6046010707911957,0.27502008032128517,0.26697429136453527,0.46662387676508343,0.032175032175032175,0.33208020050125314,1,1,1,1,sevenWithCross
0.8337018947842564,0.6176966608694895,0.22407654650645306,0.21069182389937108,0.2795414462081129,0.15902964959568733,0.24559082892416226,1,1,1,1,sevenWithCross
0.5481502054674443,0.6688193545214645,0.23770819453697534,0.2220403709765412,0.4091880341880342,0.0015957446808510637,0.31666666666666665,1,1,1,1,sevenWithCross
0.5889578566732416,0.6305988823142669,0.24602564102564103,0.25076923076923074,0.4369230769230769,0.009230769230769232,0.28717948717948716,1,1,1,1,sevenWithCross
0.5381314625941175,0.5233700975459212,0.2718505123568415,0.24725274725274726,0.39133089133089133,0.033928571428571426,0.4172619047619048,1,1,1,1,sevenWithCross
0.7703242176013443,0.5432781265146003,0.263768115942029,0.26850763807285544,0.3225616921269095,0.18478260869565216,0.2808924485125858,0,1,1,1,sevenWithCross
0.6265826967279611,0.5345140109518658,0.27398255813953487,0.25290697674418605,0.37267441860465117,0.08662790697674419,0.38372093023255816,1,1,1,1,sevenWithCross
0.8712742176240921,0.6045268189580361,0.255307994757536,0.18677248677248678,0.28994708994708995,0.3579220779220779,0.18597402597402599,1,1,1,1,sevenWithCross
0.597671811744972,0.5389708506841165,0.31907630522088354,0.24634146341463414,0.4902439024390244,0.16587301587301587,0.3761904761904762,1,1,1,1,sevenWithCross
0.7295076103749498,0.6848486297312489,0.2804417320546353,0.2573443008225617,0.45593419506462984,0.1604370327774583,0.25129384703852786,1,1,1,1,sevenWithCross
0.5561522693282275,0.5852958354766802,0.29070216049382713,0.27237654320987653,0.5200617283950617,0.05478395061728395,0.31558641975308643,1,1,1,1,sevenWithCross
0.6963807168757579,0.625399549676366,0.2730565617163555,0.3344594594594595,0.38288288288288286,0.3353557639271925,0.04302261445118588,1,1,1,1,sevenWithCross
0.7475624019026268,0.5828662703856121,0.25871559633027524,0.2552552552552553,0.49074074074074076,0.17346437346437346,0.11722488038277512,0,1,1,1,sevenWithCross
0.6973745865261083,0.5908944339433121,0.34009483667017915,0.33226495726495725,0.3482905982905983,0.4698544698544699,0.20997920997921,1,1,1,1,sevenWithCross
0.7167888352328641,0.5508499906182052,0.26715927750410506,0.2245847176079734,0.33488372093023255,0.20714285714285716,0.3025974025974026,1,1,1,1,sevenWithCross
0.8646037018514513,0.6847765320129278,0.2722120098039216,0.21752450980392157,0.4013480392156863,0.31066176470588236,0.15931372549019607,0,1,1,1,sevenWithCross
0.7942354636741331,0.6778393944827513,0.26715176715176714,0.2261072261072261,0.3939393939393939,0.24496336996336995,0.20512820512820512,1,1,1,1,sevenWithCross
0.745298295228819,0.7071280991735538,0.26073102155576383,0.2037037037037037,0.4486607142857143,0.18820861678004536,0.20043731778425655,1,1,1,1,seven
0.5755817588119412,0.6472339259776391,0.2528294998174516,0.23503325942350334,0.4604582409460458,0.031746031746031744,0.2886002886002886,1,1,1,1,seven
0.5678698979591839,0.628622448979592,0.284375,0.23839285714285716,0.5133928571428571,0.08392857142857142,0.30178571428571427,1,1,1,1,seven
0.5563211531711776,0.6314684349351048,0.26317859952793077,0.23288749016522423,0.46656176239181746,0.03933910306845004,0.3139260424862313,1,1,1,1,seven
0.7494260614766086,0.6243394168962347,0.2613168724279835,0.2431818181818182,0.4803030303030303,0.15077605321507762,0.17590539541759054,1,1,1,1,seven
0.5890890496018701,0.6318211702827088,0.2675213675213675,0.24957264957264957,0.4581196581196581,0.05641025641025641,0.305982905982906,0,1,1,1,seven
0.5869280042876714,0.5763577026570794,0.2538115038115038,0.26056826056826055,0.46084546084546085,0.013167013167013167,0.2806652806652807,1,1,1,1,seven
0.7593410137202167,0.6901055331993523,0.23983103879849813,0.1858573216520651,0.45431789737171463,0.17459324155193992,0.14455569461827283,1,1,1,1,seven
0.6626689592732556,0.7155819083791114,0.20686070686070687,0.17668997668997669,0.37668997668997667,0.0521978021978022,0.22435897435897437,1,1,1,1,seven
0.630562719365809,0.6318988158226257,0.24222222222222223,0.23552123552123552,0.44110275689223055,0.04054054054054054,0.2462406015037594,1,1,1,1,seven
0.637214366744035,0.6829484080133428,0.26823529411764707,0.19400352733686066,0.47023809523809523,0.14039621016365203,0.26411960132890366,1,1,1,1,seven
0.9602896583419209,0.6885957098455933,0.2642684192320996,0.1984517945109078,0.48299319727891155,0.32441942294159043,0.05102040816326531,1,1,1,1,seven
0.6933180140630076,0.6863231758761049,0.23488255872063968,0.18057455540355677,0.42591362126245846,0.12098930481283422,0.21038961038961038,1,1,1,1,seven
0.7325638166927926,0.7014467486503373,0.2074468085106383,0.21179883945841393,0.3544487427466151,0.06044487427466151,0.20309477756286268,1,1,1,1,seven
0.682947950530151,0.6643225776224523,0.23991808443604284,0.20907928388746802,0.41801242236024844,0.0959079283887468,0.23167701863354037,1,1,1,1,seven
0.7164413265306122,0.63213697679032,0.2538732394366197,0.24142857142857144,0.4354166666666667,0.11285714285714285,0.22152777777777777,1,1,1,1,seven
0.8304950013560394,0.7338864705144951,0.21603619454568304,0.1779835390946502,0.36786786786786785,0.1696969696969697,0.1484029484029484,1,1,1,1,seven
0.7439962571946596,0.6563050793142133,0.23211657344715925,0.22540250447227192,0.40406976744186046,0.10971973762671437,0.18604651162790697,1,1,1,1,seven
0.8198382356449863,0.6692468976613982,0.2355161899230434,0.2005952380952381,0.40162037037037035,0.17667638483965015,0.16326530612244897,1,1,1,1,seven
0.8447397038966046,0.7030089404356652,0.25529371584699456,0.1986111111111111,0.4435483870967742,0.2298611111111111,0.14650537634408603,1,1,1,1,seven
0.8855668330031762,0.666082117940817,0.26735921268452706,0.20764617691154422,0.41231884057971013,0.2714600146735143,0.17801418439716313,1,1,1,1,seven
0.9677440676845798,0.6756038072575848,0.28292682926829266,0.208130081300813,0.5178861788617887,0.35528455284552846,0.05040650406504065,1,1,1,1,seven
0.7355119185993999,0.6319183726048945,0.3090909090909091,0.29022465088038857,0.14344262295081966,0.4705525197328476,0.3372365339578454,1,1,1,1,six
0.7342816492648141,0.5654499855771833,0.29012345679012347,0.25813692480359146,0.07968574635241302,0.46520763187429853,0.3574635241301908,1,1,1,1,six
0.7685333544570427,0.5630837181156658,0.31995020230314347,0.27703984819734345,0.11642156862745098,0.4857685009487666,0.40441176470588236,1,1,1,1,six
0.6046704368540643,0.46277727260856444,0.3389830508474576,0.3542319749216301,0.015151515151515152,0.5417624521072797,0.4451851851851852,1,0,1,1,six
0.6016472398569841,0.46567680984104837,0.34995014955134596,0.3768472906403941,0.015873015873015872,0.5461106655974338,0.46124031007751937,1,1,1,1,six
0.7028519068908031,0.5205848090679287,0.2925741275255838,0.29252782193958665,0.021197668256491786,0.4521829521829522,0.3991683991683992,1,1,1,1,six
0.6909215867416924,0.47529716413314277,0.31322751322751324,0.2867724867724868,0.031216931216931216,0.5074074074074074,0.4275132275132275,1,1,1,1,six
0.596218554718795,0.4046533365637704,0.35070737155621745,0.3431372549019608,0.0015082956259426848,0.5830882352941177,0.4661764705882353,1,1,1,1,six
0.7297819804636917,0.5532443224773472,0.31244778613199664,0.26089417091114886,0.1162280701754386,0.5099037917374081,0.3673245614035088,1,1,1,1,six
0.7247504269197393,0.5863346939912069,0.31058201058201057,0.2537313432835821,0.13805970149253732,0.5141806722689075,0.3329831932773109,1,1,1,1,six
0.7865472656250001,0.5747535156250004,0.4153125,0.2975,0.3,0.645,0.41875,1,1,1,1,six
0.8441015624999993,0.5638400829081638,0.3257440476190476,0.22321428571428573,0.18154761904761904,0.5095238095238095,0.3886904761904762,1,1,1,1,six
0.5881621346599583,0.3838734952753414,0.38365650969529086,0.3684210526315789,0.02631578947368421,0.6268796992481203,0.5208711433756806,1,0,1,1,six
0.7881435000394234,0.5767360258946965,0.299268094334508,0.2290869327501367,0.13395297977036633,0.4629032258064516,0.3672043010752688,1,1,1,1,six
0.6314026244106774,0.8245607333381855,0.2643204396533502,0.2738553701326487,0.2034252297410192,0.4458707744972187,0.13868003341687551,0,0,1,1,six
0.8422390886436456,0.5821977928088284,0.35358490566037737,0.2573584905660377,0.22037735849056603,0.5320754716981132,0.40452830188679245,1,1,1,1,six
0.6156527370876739,0.9139160834418402,0.28372395833333336,0.32708333333333334,0.21510416666666668,0.44895833333333335,0.14375,0,0,1,1,six
0.8091430839002267,0.5095240362811794,0.40595238095238095,0.3076190476190476,0.22380952380952382,0.5942857142857143,0.4980952380952381,0,0,1,1,six
0.8244699934102326,0.574502124114952,0.36088098605778945,0.23333333333333334,0.252,0.576797385620915,0.3803921568627451,1,1,1,1,six
0.8419392262654902,0.5681708314667249,0.38354037267080743,0.2798913043478261,0.2417391304347826,0.5606884057971014,0.4547826086956522,1,0,1,1,six
0.7777403465049154,0.554012812686775,0.360968172288927,0.2794348508634223,0.19501133786848074,0.5484615384615384,0.42,1,0,1,1,six
0.8900088011188269,0.6127553077129803,0.3343579234972678,0.23680555555555555,0.22379032258064516,0.48194444444444445,0.396505376344086,1,0,1,1,six
0.8766640331337129,0.5861816406249998,0.3488586156111929,0.23586309523809523,0.23660714285714285,0.5153061224489796,0.4030612244897959,1,0,1,1,six
0.9373297091412744,0.5697308821049081,0.3025974025974026,0.1736842105263158,0.18615384615384614,0.42105263157894735,0.42923076923076925,1,0,1,1,six
0.771572887065182,0.740410462562487,0.28609831029185867,0.4756784434203789,0.21454173067076293,0.12800819252432155,0.32616487455197135,0,1,1,1,five
0.7188518873740258,0.7553058737220689,0.24836825833047063,0.40843091334894616,0.17531876138433516,0.1456221198156682,0.2670250896057348,1,1,1,1,five
0.8288585069444446,0.7058754367105621,0.257172131147541,0.3576388888888889,0.15793010752688172,0.09375,0.4173387096774194,2,1,1,1,five
0.9149338374291116,0.6469754253308129,0.5639386189258312,0.3695652173913043,0.9184782608695652,0.7681159420289855,0.21739130434782608,1,1,1,1,five
0.7426428433103778,0.7373417616932466,0.2508748906386702,0.36155202821869487,0.1988536155202822,0.1440972222222222,0.2999131944444444,1,1,1,1,five
0.794354364659492,0.7639362412351818,0.28936423054070115,0.41354723707664887,0.21449792038027332,0.18716577540106952,0.3422459893048128,1,1,1,1,five
0.9186227940141035,0.7280197616598083,0.2873048668503214,0.4356481481481482,0.2300925925925926,0.14162112932604737,0.34335154826958103,1,1,1,1,five
0.9200006944444448,0.7360327271641436,0.2890710382513661,0.4727777777777778,0.18978494623655914,0.135,0.3596774193548387,0,1,1,1,five
0.8561922623286592,0.8191756367052904,0.24738015607580824,0.34772829509671616,0.19793072424651373,0.1268788682581786,0.3178603006189213,0,1,1,1,five
0.7467477186953208,0.8501494279629056,0.24066293183940243,0.2815126050420168,0.19234360410831,0.29598506069094305,0.19281045751633988,1,1,1,1,five
0.7079869208867833,0.8697699086754682,0.2486522911051213,0.33423180592991913,0.17969451931716082,0.25696316262353996,0.22371967654986524,1,1,1,1,five
0.8015844726562505,0.8109377712673611,0.27291666666666664,0.37135416666666665,0.16822916666666668,0.2125,0.33958333333333335,1,1,1,1,five
0.9522065982865106,0.8365614630229463,0.2770358732652527,0.4077618288144604,0.12848297213622292,0.16480595427963848,0.40763673890608876,1,1,1,1,five
0.7397218673679293,0.8874669746471822,0.2582236842105263,0.3724696356275304,0.18977732793522267,0.23836032388663966,0.23228744939271256,1,1,1,1,five
0.955855389030612,0.8349257036353059,0.3358918128654971,0.48586309523809523,0.21120689655172414,0.1875,0.45905172413793105,1,1,1,1,five
0.7912824202673789,0.8861778985941205,0.3207885304659498,0.45586297760210803,0.2220026350461133,0.2508059316569955,0.3552546744036106,1,1,1,1,five
0.6694214876033053,0.8100624795109397,0.3027963630125236,0.42353770260747003,0.23119015047879618,0.3133608815426997,0.2479946524064171,1,1,1,1,five
0.7652244113868427,0.9144578473647845,0.24759615384615385,0.3415750915750916,0.19230769230769232,0.21932234432234432,0.23717948717948717,1,1,1,1,five
0.7514316877660665,0.736696040071802,0.2616736014794267,0.4150326797385621,0.19047619047619047,0.19963369963369965,0.24313186813186813,1,1,1,1,five
0.7693762899661679,0.8130398356663491,0.3038611291369241,0.43544137022397894,0.21675191815856779,0.23583662714097497,0.32928388746803067,1,0,1,1,five
0.6997760520903163,0.886201210738999,0.27586206896551724,0.37467700258397935,0.22941546197360152,0.28914141414141414,0.21437346437346438,1,1,1,1,five
0.8083447223176589,0.7990653317112646,0.26868890166762505,0.34272570442783207,0.23404255319148937,0.23289246693502014,0.2650948821161587,2,0,1,1,five
0.8132988064036827,0.8520710059171597,0.2839160839160839,0.2850765306122449,0.2918985776128633,0.224375,0.3327272727272727,1,1,1,1,five
0.5365735072971504,0.680866956983514,0.3066328379847771,0.4831378299120235,0.15249266862170088,0.3985663082437276,0.192831541218638,1,1,1,1,fourConnected
0.7048002267573695,0.54691184424013,0.35069767441860467,0.6209523809523809,0.34454545454545454,0.21142857142857144,0.2318181818181818,0,1,1,1,fourConnected
0.3563408021363724,0.5296604938271611,0.3500491642084562,0.3116883116883117,0.6545031055900621,0.001594896331738437,0.42028985507246375,1,1,2,1,fourConnected
0.6589960459183676,0.5609254731304292,0.3177521008403361,0.4514285714285714,0.4340659340659341,0.12142857142857143,0.2616758241758242,1,0,1,1,fourConnected
0.7195137953688895,0.5573037229938271,0.32855504587155965,0.5763888888888888,0.33641975308641975,0.16136363636363638,0.2446969696969697,1,1,1,1,fourConnected
0.5658234787375671,0.5319124879868851,0.3064741499767117,0.38584183673469385,0.4981527093596059,0.014411027568922305,0.3248638838475499,1,1,1,1,fourConnected
0.5641839507314267,0.6264823974769893,0.20600961538461537,0.4564102564102564,0.16378205128205128,0.20384615384615384,0.0,1,1,1,1,fourConnected
0.5811939257298697,0.6612375704376189,0.2374438147351964,0.43555380370516356,0.21403232163973196,0.27829457364341087,0.024806201550387597,0,1,1,1,fourConnected
0.5299493339002266,0.6133003039178639,0.2298611111111111,0.4873015873015873,0.1876984126984127,0.24444444444444444,0.0,1,1,1,1,fourConnected
0.5726069160486963,0.5372481524791765,0.28134674922600617,0.3973168214654283,0.4324045407636739,0.0304437564499484,0.26522187822497423,1,1,2,1,fourConnected
0.6293823848322793,0.5517720277804761,0.24923780487804878,0.36977351916376305,0.3858885017421603,0.01088850174216028,0.2304006968641115,1,1,2,1,fourConnected
0.8923084771174133,0.6986054547041021,0.33738977072310405,0.3148148148148148,0.47649572649572647,0.3787561146051712,0.1816911250873515,1,1,1,1,fourConnected
0.793489261103566,0.6663653739751527,0.3141843971631206,0.4085106382978723,0.40283687943262414,0.3198581560283688,0.125531914893617,0,1,1,1,fourConnected
0.693302519105185,0.7008448202463272,0.3139829167984815,0.4086845466155811,0.36973180076628354,0.23260188087774294,0.2476489028213166,1,1,1,1,fourConnected
0.6356884675763039,0.5661654280128587,0.26992615227909345,0.5141242937853108,0.27324088341037495,0.2308080808080808,0.06565656565656566,0,1,1,1,fourConnected
0.7531914025700539,0.6384128958370529,0.31606699751861045,0.3380893300248139,0.3535980148883375,0.31451612903225806,0.25806451612903225,1,1,1,1,fourConnected
0.40045166015625,0.5810658980389031,0.26953125,0.6026785714285714,0.171875,0.30357142857142855,0.0,0,1,1,1,fourConnected
0.8661508721135514,0.6304294244477875,0.266304347826087,0.2184873949579832,0.5137755102040816,0.2542016806722689,0.0770408163265306,0,0,1,1,fourConnected
0.7441619537877484,0.501969449608649,0.3557312252964427,0.4397233201581028,0.5592885375494071,0.16897233201581027,0.2549407114624506,0,1,1,1,fourConnected
0.6075266657632535,0.6095109544567195,0.28773852257698845,0.20279720279720279,0.5769230769230769,0.14015151515151514,0.22941176470588234,1,0,1,1,fourConnected
0.7685739621240464,0.4983736645896361,0.35827664399092973,0.34098639455782315,0.6628571428571428,0.2991666666666667,0.1328,0,1,1,1,fourConnected
0.6202920332936979,0.6195557598391266,0.32101694915254236,0.2537931034482759,0.5946666666666667,0.16758620689655174,0.26066666666666666,1,1,1,1,fourConnected
0.7178225556451115,0.6074099269337369,0.31548556430446195,0.30634920634920637,0.3634920634920635,0.17395833333333333,0.41875,0,1,2,1,four
0.6504224033952429,0.6028962873346316,0.35374720357941836,0.40709459459459457,0.41103603603603606,0.12611111111111112,0.4722222222222222,0,1,2,1,four
0.6348902400000003,0.6792950052029139,0.36272,0.36838709677419357,0.3774193548387097,0.22476190476190477,0.48063492063492064,0,1,2,1,four
0.46049609940782016,0.6357805624777502,0.3844573136558939,0.31461538461538463,0.5837037037037037,0.21794871794871795,0.4153957879448075,1,1,3,1,four
0.6672768326227737,0.616599696230973,0.2869034406215316,0.34406215316315203,0.43895671476137627,0.06992230854605994,0.2946725860155383,0,0,2,1,four
0.6278955328796499,0.6592392299687834,0.3024592781858831,0.22258064516129034,0.352258064516129,0.18912080961416824,0.4452877925363694,1,1,2,1,four
0.6027480343172296,0.530327210793342,0.3108706345302509,0.4272237196765499,0.46128822381262197,0.017195767195767195,0.33652618135376755,0,1,2,1,four
0.6012287341931856,0.5145129741703257,0.30825545171339563,0.37610062893081764,0.519496855345912,0.019135802469135803,0.3234567901234568,1,1,2,1,four
0.628520412304196,0.6827695437679199,0.31981981981981983,0.3207792207792208,0.44935064935064933,0.11352040816326531,0.3979591836734694,1,1,1,1,four
0.6995558563561478,0.6135752447243683,0.3307823129251701,0.3949175824175824,0.47115384615384615,0.1091644204851752,0.35175202156334234,0,1,2,1,four
0.6918931658576561,0.6637984844690333,0.32107592781750083,0.3154269972451791,0.4297520661157025,0.16094276094276094,0.38047138047138046,2,1,1,1,four
0.5855488543153887,0.5838985594807907,0.3248862897985705,0.4027777777777778,0.48148148148148145,0.07539682539682539,0.3339719029374202,1,1,2,1,four
0.6822625817591956,0.6626850975223384,0.29158332051084784,0.35669191919191917,0.40318627450980393,0.11379097093382808,0.2929171668667467,0,1,2,1,four
0.6485899196791903,0.5253254559114817,0.2846027846027846,0.3785123966942149,0.4677685950413223,0.0,0.29707792207792205,1,0,1,1,four
0.6447377999951467,0.48699289379879623,0.3181598062953995,0.4343501326259947,0.49743589743589745,0.01951854261548471,0.32075471698113206,0,1,2,1,four
0.6575624682005767,0.5878554568047228,0.3524436090225564,0.3860182370820669,0.5433130699088146,0.1324404761904762,0.35267857142857145,0,1,2,1,four
0.6372408319215599,0.5943661857189537,0.2758349086326402,0.38938618925831203,0.3869565217391304,0.017902813299232736,0.30496894409937886,0,1,1,1,four
0.6615294295562455,0.6210514591942149,0.27632319819819817,0.3534090909090909,0.4022727272727273,0.029575892857142856,0.3236607142857143,0,0,1,1,four
0.6886365331317712,0.735311656693419,0.29898516783762685,0.3314102564102564,0.3436724565756824,0.1559748427672956,0.36275106512477173,0,1,2,1,four
0.7281307629260296,0.6330446416831029,0.27323585505403686,0.38385416666666666,0.3560606060606061,0.035860655737704916,0.3164431197218082,0,1,2,1,four
0.674563869944863,0.5584749682044163,0.3039270687237027,0.3921901528013582,0.4595359366157329,0.04338153503893215,0.3248053392658509,0,0,2,1,four
0.7699982872256682,0.7720781034519801,0.27267320844484094,0.3563218390804598,0.2941520467836257,0.062310949788263764,0.3736842105263158,1,1,1,1,three
0.7640357425145761,0.8235467374488525,0.22728452751817238,0.3548218029350105,0.16457023060796647,0.02109053497942387,0.3698559670781893,0,1,1,1,three
0.5789500251038296,0.7716416762783539,0.27350901525658805,0.25210084033613445,0.41456582633053224,0.057692307692307696,0.371978021978022,1,1,1,1,three
0.642515749930858,0.9189536266349583,0.2474074074074074,0.20363466915191053,0.32304900181488205,0.09482363719651855,0.36351471900089205,1,1,1,1,three
0.4716743930391353,0.7800101239669419,0.35398428731762066,0.26666666666666666,0.5491071428571429,0.13188798554652212,0.45993031358885017,1,1,1,1,three
0.5604878392082706,0.7814484038852695,0.26745435016111707,0.20569280343716434,0.44253490870032225,0.07894736842105263,0.3426423200859291,1,1,1,1,three
0.6213298119235247,0.8171302473089723,0.33181818181818185,0.23671497584541062,0.5116459627329193,0.2181964573268921,0.3532608695652174,1,1,1,1,three
0.5888505278715073,0.8089646578676611,0.23970080552359033,0.19906759906759908,0.37454545454545457,0.04568764568764569,0.3336363636363636,0,1,1,1,three
0.539849281951764,0.8341478081262638,0.2753623188405797,0.20310765815760268,0.43180592991913747,0.08278867102396514,0.37777777777777777,1,1,1,1,three
0.6476294407233911,0.7670278856426697,0.24452457264957264,0.202991452991453,0.38782051282051283,0.09081196581196581,0.296474358974359,0,1,1,1,three
0.6895392741475287,0.7944234404536867,0.35258411377037807,0.3330995792426367,0.41935483870967744,0.20384351407000686,0.455044612216884,0,1,1,1,three
0.6073604444444443,0.8106364484358956,0.24098630136986302,0.16308243727598568,0.3958151700087184,0.10008818342151675,0.3003003003003003,0,1,1,1,three
0.7351941627685932,0.8346017878940286,0.3505402160864346,0.34558823529411764,0.37411764705882355,0.2099673202614379,0.4666666666666667,0,1,1,1,three
0.5662437500689841,0.846889107184247,0.36088039867109634,0.25249169435215946,0.5390365448504983,0.2217607973421927,0.43023255813953487,1,1,1,1,three
0.5112389377168283,0.8448347668628342,0.329377990430622,0.24349881796690306,0.47416413373860183,0.13040123456790123,0.46056547619047616,1,1,1,1,three
0.6187925203411434,0.8431830625,0.29925742574257425,0.227,0.4275,0.15931372549019607,0.3843137254901961,1,1,1,1,three
0.8286778785588303,0.7901234567901234,0.2841269841269841,0.32341269841269843,0.2115079365079365,0.15793650793650793,0.44365079365079363,1,1,1,1,three
0.5752526313332865,0.8080862381167957,0.36199763593380613,0.20893719806763286,0.5057870370370371,0.26811594202898553,0.4548611111111111,1,1,1,1,three
0.6253904623073718,0.8458583670402491,0.2790230846436935,0.3047619047619048,0.30414746543778803,0.04149659863945578,0.4588545095457538,1,1,1,1,three
0.5236920892642973,0.8321777348525602,0.3050993949870354,0.21803977272727273,0.4263085399449036,0.11597222222222223,0.45252525252525255,0,1,1,1,three
0.7657916122621697,0.8598995562130175,0.3465346534653465,0.39,0.35846153846153844,0.18250377073906485,0.45625942684766213,0,1,1,1,three
0.6408982212600424,0.7425545126959165,0.27023526872436865,0.24346689895470383,0.16594076655052264,0.40522036799315364,0.2640136927685066,0,1,1,1,twoCurvy
0.7387811791383218,0.8402777777777781,0.2667989417989418,0.32116402116402115,0.1380952380952381,0.2613756613756614,0.34656084656084657,1,1,1,1,twoCurvy
0.8093334705075442,0.8182779227337762,0.2214678899082569,0.2511111111111111,0.112,0.2311111111111111,0.2923636363636364,1,1,1,1,twoCurvy
0.6203993293705224,0.685216049382716,0.3176954732510288,0.2877777777777778,0.18055555555555555,0.4075880758807588,0.3907859078590786,1,1,1,1,twoCurvy
0.5448016424733715,0.6615583644361747,0.2906628311159056,0.3338235294117647,0.08177905308464849,0.4985576923076923,0.25140712945590993,1,1,1,1,twoCurvy
0.6988714420761986,0.8324977895542539,0.31350045303533675,0.2998776009791922,0.2617769827072153,0.23378212974296206,0.4561717352415027,1,0,1,1,twoCurvy
0.630586542008454,0.6371924425817077,0.29497506712696586,0.304552590266876,0.13010204081632654,0.442051282051282,0.304,1,1,1,1,twoCurvy
0.5749305639415531,0.7618683073647139,0.29638009049773756,0.2564102564102564,0.21064400715563505,0.320970695970696,0.39713774597495527,0,1,1,1,twoCurvy
0.6490825017855322,0.7609478216508518,0.25393939393939396,0.21696969696969698,0.16323232323232323,0.3276767676767677,0.30787878787878786,1,1,1,1,twoCurvy
0.699461130809381,0.7209874837681809,0.24477664131480026,0.1895937277263008,0.20125566794558772,0.3015427769985975,0.28517501715854493,1,1,1,1,twoCurvy
0.6530573818394337,0.7453940621284179,0.2903846153846154,0.24568965517241378,0.22112068965517243,0.36694915254237287,0.32584745762711864,1,1,1,1,twoCurvy
0.7342485950511394,0.8214741058165154,0.24363472784525417,0.19845928099779897,0.20474137931034483,0.2286332491886044,0.3400423728813559,0,1,1,1,twoCurvy
0.7090968350985867,0.7560046766868522,0.2576036096256685,0.170120320855615,0.2232620320855615,0.3739973262032086,0.2630347593582888,0,1,1,1,twoCurvy
0.6441898415139475,0.7321769964025785,0.3437801350048216,0.31241830065359477,0.3510436432637571,0.2457516339869281,0.46173308032890575,1,1,1,1,twoCurvy
0.697942270256675,0.8006721714777566,0.2460677152759264,0.20905797101449275,0.20460992907801417,0.2794012829650748,0.2898500174398326,0,1,1,1,twoCurvy
0.7015099048193805,0.7107786982248527,0.36846915460776847,0.25375,0.3696969696969697,0.4742647058823529,0.37373737373737376,1,1,1,1,twoCurvy
0.7668046993628349,0.8244982645069419,0.2545485175202156,0.22338274932614555,0.21495956873315364,0.34871967654986524,0.23113207547169812,1,0,1,1,twoCurvy
0.5918901696303585,0.7326870453929731,0.29257779646761983,0.21530698065601345,0.22582001682085787,0.3654331370899916,0.36375105130361646,0,0,1,1,twoCurvy
0.8209053858550547,0.8467455751724743,0.2626687962828517,0.2363095238095238,0.26967592592592593,0.30962099125364434,0.23526077097505668,1,1,1,1,two
0.8460386637772859,0.775050156476604,0.3167402649538338,0.220949263502455,0.3947990543735225,0.3363338788870704,0.3120567375886525,1,1,1,1,two
0.781611726909932,0.7457704021200493,0.306309985705534,0.25735912531539107,0.4,0.2545155993431856,0.3111111111111111,1,1,1,1,two
0.8941982992035027,0.6881456611570247,0.2787463677874637,0.2937710437710438,0.2962962962962963,0.26617526617526616,0.2596232596232596,1,1,1,1,two
0.6194088487421887,0.7979299186390532,0.2685126582278481,0.25769230769230766,0.38846153846153847,0.07,0.360625,1,1,1,1,two
0.7405242555153331,0.8227499176131189,0.2903663500678426,0.2334710743801653,0.375,0.21418732782369146,0.33489304812834225,1,1,1,1,two
0.5870990785982017,0.7599232894684064,0.2702087286527514,0.2764976958525346,0.3325652841781874,0.06676669167291822,0.40660165041260315,1,1,1,1,two
0.5748309995648908,0.8275202685268273,0.2700278379214352,0.2628930817610063,0.3530127814972611,0.07672955974842767,0.3810103469263542,1,1,1,1,two
0.9276984449837202,0.8218612896643204,0.2606117353308365,0.26325757575757575,0.26704545454545453,0.2845679012345679,0.22777777777777777,0,1,1,1,two
0.8392924037460985,0.7307492195629552,0.29165085388994305,0.3118279569892473,0.32565284178187404,0.23780945236309078,0.29257314328582146,1,1,1,1,two
0.7775732252920742,0.7717780169926316,0.34606534744592726,0.2673545966228893,0.46973803071364045,0.3133208255159475,0.3297199638663053,1,1,1,1,two
0.8628345679012339,0.6907811543985338,0.33590810061398296,0.2595918367346939,0.4230769230769231,0.4448,0.21769230769230768,1,1,1,1,two
0.8314302231471847,0.7673410353234519,0.31658734355720075,0.22536231884057972,0.44600280504908835,0.32978723404255317,0.26355525051475637,0,1,1,1,two
0.574404432132964,0.6956269805341779,0.29246963562753037,0.3949468085106383,0.15473887814313347,0.4251302083333333,0.2013888888888889,1,1,1,1,two
0.8001698670404964,0.6966786661938925,0.27841561423650973,0.25932400932400934,0.3382352941176471,0.2494172494172494,0.2652714932126697,1,1,1,1,two
0.847916468117862,0.778426682475284,0.24096109839816934,0.22987974098057354,0.24283071230342276,0.26358695652173914,0.22735507246376813,1,1,1,1,two
0.9541401482793421,0.8007374406127089,0.2590717299578059,0.23372781065088757,0.2966346153846154,0.2912433478471214,0.21509433962264152,1,1,1,1,two
0.6993262884306283,0.777654970632043,0.2759170653907496,0.22878625134264233,0.4011815252416756,0.18526315789473685,0.29,1,1,1,1,two
0.8228569419925329,0.7838897655017267,0.2618577075098814,0.2618577075098814,0.23122529644268774,0.31373517786561267,0.24061264822134387,1,1,1,1,two
0.8656351105403682,0.7662150896824399,0.2849865148336829,0.22066869300911854,0.34278959810874704,0.2899696048632219,0.2848699763593381,0,1,1,1,two
0.911002072704082,0.7645983490929928,0.3048708920187793,0.24761904761904763,0.3616898148148148,0.4029761904761905,0.20833333333333334,0,1,1,1,two
0.5265840973859086,0.7411396171569334,0.275990275990276,0.21407624633431085,0.3164772727272727,0.1578341013824885,0.4095982142857143,1,1,1,1,oneFancy
0.6943746001414091,0.7172185226851183,0.2513973419451,0.14735772357723578,0.27380952380952384,0.21553011448481832,0.36394557823129253,1,1,1,1,oneFancy
0.4873866713250066,0.6923495906016377,0.24299065420560748,0.4169811320754717,0.0,0.37083333333333335,0.18287037037037038,1,1,1,1,oneFancy
0.7856404958677686,0.7257010298640933,0.29976489028213166,0.3158307210031348,0.22648902821316613,0.3652037617554859,0.29153605015673983,0,1,1,1,oneFancy
0.47584447873799707,0.6244315125434007,0.30594405594405594,0.2207977207977208,0.3489010989010989,0.1915954415954416,0.45535714285714285,0,1,1,1,oneFancy
0.546355400550895,0.6095220855226626,0.3106796116504854,0.26862745098039215,0.3588235294117647,0.18974358974358974,0.4256410256410256,1,1,1,1,oneFancy
0.7629267642127724,0.6202372711646258,0.2656893004115226,0.22119341563786007,0.264917695473251,0.29012345679012347,0.286522633744856,1,1,1,1,oneFancy
0.7859752293854984,0.6956655085745957,0.25860965305338623,0.3249475890985325,0.15196328403875572,0.286522633744856,0.2727727727727728,0,1,1,1,oneFancy
0.8309284981289297,0.6624922175556556,0.25462339252908756,0.21102756892230576,0.23391812865497075,0.36600985221674875,0.20833333333333334,1,1,1,1,oneFancy
0.5510721532343154,0.7479629017447204,0.24174174174174173,0.30424242424242426,0.05333333333333334,0.4351190476190476,0.17202380952380952,0,1,1,1,oneFancy
0.6267361111111104,0.7422841513469769,0.23835125448028674,0.18593189964157705,0.25492831541218636,0.18593189964157705,0.32661290322580644,0,1,1,1,oneFancy
0.7708763486028639,0.6282893598615914,0.28830791575889614,0.3558823529411765,0.10882352941176471,0.3285509325681492,0.35724533715925394,1,1,1,1,oneFancy
0.5368792769832584,0.596575375277948,0.2916241062308478,0.4621212121212121,0.07851239669421488,0.38922558922558925,0.2356902356902357,1,1,1,1,oneFancy
0.5164477797897181,0.5859678395825272,0.3032849503437739,0.20087884494664154,0.39648910411622273,0.1580246913580247,0.4488095238095238,0,1,1,1,oneFancy
0.5405800672680902,0.6186818366951776,0.23920265780730898,0.358656330749354,0.0,0.38422649140546006,0.21132457027300303,1,1,1,1,oneFancy
0.5542567210308609,0.5227540056657672,0.2789206917113894,0.40310077519379844,0.06559332140727489,0.41025641025641024,0.23673225998807393,1,1,1,1,oneFancy
0.5489131015069527,0.5770155325443784,0.30394088669950736,0.24071618037135278,0.35344827586206895,0.21600520494469747,0.4053350683148991,0,1,1,1,oneFancy
0.6857737746232686,0.6436759785896798,0.27681545636242505,0.33468286099865047,0.11470985155195682,0.3894736842105263,0.2657894736842105,1,1,1,1,oneFancy
0.5581378605854129,0.6033481601936544,0.26495972382048333,0.3776223776223776,0.06988636363636364,0.3921911421911422,0.22613636363636364,1,1,1,1,oneFancy
0.8034280190362889,0.6374773830867682,0.22507173601147776,0.16355810616929697,0.24318507890961263,0.2664992826398852,0.22704447632711622,0,1,1,1,oneFancy
0.762156714537667,0.935708488188303,0.572829131652661,0.7996031746031746,0.38271604938271603,0.2837301587301587,0.818342151675485,1,0,1,1,one
0.4883347505668935,0.9552735260770977,0.6946428571428571,0.7023809523809523,0.6714285714285714,0.4166666666666667,0.9880952380952381,1,1,1,1,one
0.8784467512495194,0.8858131487889258,0.8431372549019608,0.9921568627450981,0.7529411764705882,0.6313725490196078,0.996078431372549,1,1,1,1,one
0.82677955905307,0.8518165234259576,0.9471326164874552,0.9879032258064516,0.9806451612903225,0.8024193548387096,0.9967741935483871,1,1,1,1,one
1.0,1.0,0.9777777777777777,0.9777777777777777,0.9777777777777777,0.9777777777777777,0.9777777777777777,1,1,1,1,one
0.6056708640556672,0.8875343132560878,0.7648305084745762,0.9915254237288136,0.4830508474576271,0.7570621468926554,0.827683615819209,1,1,1,1,one
0.6843801652892562,0.9227640036730941,0.803030303030303,0.8515151515151516,0.7303030303030303,0.6484848484848484,0.9818181818181818,1,1,1,1,one
0.8051857461734693,0.9917752234029704,0.7520604395604396,0.6488095238095238,0.8418367346938775,0.8511904761904762,0.6658163265306123,1,1,1,1,one
0.5351900125294654,0.8772868929049252,0.6549539170506913,0.783410138248848,0.5852534562211982,0.25806451612903225,0.9930875576036866,1,1,1,1,one
0.7213965255523697,0.9793287232248271,0.7012987012987013,0.4987012987012987,0.8987012987012987,0.7662337662337663,0.6415584415584416,1,1,1,1,one
0.8825988309716303,0.952160122882822,0.6997578692493946,0.5665859564164649,0.8305084745762712,0.7723970944309927,0.6295399515738499,1,0,1,1,one
0.7221828706282023,0.992988628103607,0.5794556628621598,0.9123134328358209,0.2835820895522388,0.34701492537313433,0.7860696517412935,1,1,1,1,one
0.7798029396462018,0.971973367585848,0.5877016129032258,0.8991935483870968,0.26411290322580644,0.39314516129032256,0.7943548387096774,1,1,1,1,one
0.5853062897175808,0.8294005102040822,0.6582054309327037,0.9738095238095238,0.2642857142857143,0.5807962529274004,0.8126463700234192,1,1,1,1,one
0.609995204859076,0.8904327662437521,0.7895377128953771,0.9901960784313726,0.5465686274509803,0.8091787439613527,0.8115942028985508,1,1,1,1,one
0.9705898491083673,0.9658534141972288,0.7527065527065527,0.7263681592039801,0.7782515991471215,0.7450980392156863,0.7563025210084033,1,1,1,1,one
0.5489112006293402,0.9832438632581354,0.7554086538461539,0.7447916666666666,0.765625,0.984375,0.5580357142857143,1,1,1,1,one
0.7111271998217864,0.9703720204945421,0.7525832376578645,0.6517412935323383,0.8443496801705757,0.7562189054726368,0.744136460554371,1,1,1,1,one
0.9153428103750499,0.9279346576593595,0.528023598820059,0.21031746031746032,0.8313492063492064,0.8557504873294347,0.21442495126705652,1,1,1,1,one
0.9685059208868734,0.9682055391190008,0.4087301587301587,0.16506410256410256,0.657051282051282,0.64937106918239,0.16352201257861634,1,1,1,1,one
0.8959396384636684,0.968600999685492,0.3219720024345709,0.07547169811320754,0.5518867924528302,0.5974842767295597,0.06485849056603774,1,1,1,1,one
0.5579472060904209,0.9708044982698963,0.8138686131386861,0.9852941176470589,0.6519607843137255,0.8961352657004831,0.7222222222222222,1,1,1,1,one
0.7771100591715977,0.9205261870996123,0.8748251748251749,0.9292307692307692,0.8128205128205128,0.9138461538461539,0.8589743589743589,1,1,1,1,one
